first_name,last_name,position,injury_status,game_date,slate,team,opp,confirmed_order,starting_pitcher,hand,spread,over_under,implied_team_score,salary,L5_fppg_avg,L10_fppg_avg,szn_fppg_avg,ppg_projection,value_projection,ppg_actual,value_actual
Kodai,Senga,P,,2025-05-31,,NYM,COL,,YES,R,-1.5,8.5,5.5,8900,17.0,18.5,18.5,21.8,2.45
Tarik,Skubal,P,,2025-05-31,,DET,KC,,YES,L,-1.5,8,4.6,11300,31.8,28.5,26.2,19.5,1.73
Robbie,Ray,P,,2025-05-31,,SF,MIA,,YES,L,-1.5,7.5,4,9000,26.5,21.3,20.7,19.1,2.12
Jesus,Luzardo,P,,2025-05-31,,PHI,MIL,,YES,L,-1.5,8,4.6,10000,21.2,21.5,22.2,18.3,1.83
Sonny,Gray,P,,2025-05-31,,STL,TEX,,YES,R,-1.5,8.5,4.6,8000,16.6,17.1,17.3,18.1,2.26
Spencer,Schwellenbach,P,,2025-05-31,,ATL,BOS,,YES,R,-1.5,9,5.2,9100,15.7,16.6,16.9,18.0,1.98
Slade,Cecconi,P,,2025-05-31,,CLE,LAA,,YES,R,-1.5,8,4.5,8300,6.6,5.3,20.8,15.7,1.89
Edward,Cabrera,P,,2025-05-31,,MIA,SF,,YES,R,+1.5,7.5,3.5,7100,13.2,10.9,12.7,14.8,2.08
Dean,Kremer,P,,2025-05-31,,BAL,CWS,,YES,R,-1.5,8.5,4.7,6300,16.0,10.3,10.5,13.7,2.17
Michael,Wacha,P,,2025-05-31,,KC,DET,,YES,R,+1.5,8,3.4,6800,13.4,13.8,13.1,13.0,1.91
Colton,Gordon,P,,2025-05-31,,HOU,TB,,YES,L,-1.5,8.5,4.5,7200,9.8,9.8,9.8,12.8,1.78
Chad,Patrick,P,,2025-05-31,,MIL,PHI,,YES,R,+1.5,8,3.4,7800,14.5,13.7,12.6,12.3,1.58
Juan,Soto,OF,,2025-05-31,,NYM,COL,3,,L,-1.5,8.5,5.5,5300,5.0,5.6,8.2,11.4,2.15
Ronald,Acuna Jr.,OF,,2025-05-31,,ATL,BOS,1,,R,-1.5,9,5.2,6100,6.8,10.1,9.6,11.3,1.85
Walker,Buehler,P,,2025-05-31,,BOS,ATL,,YES,R,+1.5,9,3.8,7600,15.8,13.9,14.2,11.3,1.49
Davis,Martin,P,,2025-05-31,,CWS,BAL,,YES,R,+1.5,8.5,3.8,5600,11.4,11.3,11.5,11.3,2.02
Gunnar,Henderson,SS,,2025-05-31,,BAL,CWS,3,,L,-1.5,8.5,4.7,4700,7.4,8.4,7.9,11.1,2.36
Zack,Littell,P,,2025-05-31,,TB,HOU,,YES,R,+1.5,8.5,4,7000,17.0,12.3,13.3,11.0,1.57
Jose,Ramirez,3B,,2025-05-31,,CLE,LAA,3,,S,-1.5,8,4.5,6000,8.8,10.4,9.6,10.9,1.82
Francisco,Lindor,SS,,2025-05-31,,NYM,COL,1,,S,-1.5,8.5,5.5,5600,10.6,10.9,9.5,10.9,1.95
Jose,Caballero,OF,,2025-05-31,,TB,HOU,1,,R,+1.5,8.5,4,3800,11.8,10.5,7.9,10.7,2.82
Rafael,Devers,3B,,2025-05-31,,BOS,ATL,2,,L,+1.5,9,3.8,5300,6.8,11.7,9.9,10.4,1.96
Patrick,Corbin,P,,2025-05-31,,TEX,STL,,YES,L,+1.5,8.5,4,6100,14.1,12.1,12.9,10.4,1.70
Pete,Alonso,1B,,2025-05-31,,NYM,COL,4,,R,-1.5,8.5,5.5,5000,10.2,7.1,9.1,10.3,2.06
Kyle,Hendricks,P,,2025-05-31,,LAA,CLE,,YES,R,+1.5,8,3.5,7400,13.0,9.0,9.0,10.3,1.39
Jeremy,Pena,SS,,2025-05-31,,HOU,TB,1,,R,-1.5,8.5,4.5,4000,11.8,9.1,8.2,9.5,2.38
Jarren,Duran,OF,,2025-05-31,,BOS,ATL,1,,L,+1.5,9,3.8,5200,7.4,8.5,9.0,9.2,1.77
Kerry,Carpenter,OF,,2025-05-31,,DET,KC,1,,L,-1.5,8,4.6,4400,4.4,4.8,7.1,9.1,2.07
Trea,Turner,SS,,2025-05-31,,PHI,MIL,2,,R,-1.5,8,4.6,5500,8.0,12.1,9.2,9.0,1.64
Kyle,Schwarber,OF,,2025-05-31,,PHI,MIL,3,,L,-1.5,8,4.6,5700,8.4,10.6,10.4,9.0,1.58
Marcell,Ozuna,OF,,2025-05-31,,ATL,BOS,3,,R,-1.5,9,5.2,4200,5.8,10.7,8.1,8.9,2.12
Matt,Olson,1B,,2025-05-31,,ATL,BOS,4,,L,-1.5,9,5.2,5000,4.4,10.0,7.8,8.8,1.76
Brandon,Nimmo,OF,,2025-05-31,,NYM,COL,2,,L,-1.5,8.5,5.5,3800,6.0,3.4,6.6,8.8,2.32
Bobby,Witt Jr.,SS,,2025-05-31,,KC,DET,2,,R,+1.5,8,3.4,6000,7.0,8.0,9.7,8.7,1.45
Riley,Greene,OF,,2025-05-31,,DET,KC,4,,L,-1.5,8,4.6,4900,8.4,8.5,8.5,8.6,1.76
Nick,Castellanos,OF,,2025-05-31,,PHI,MIL,5,,R,-1.5,8,4.6,4400,8.2,7.8,7.1,8.6,1.95
Steven,Kwan,OF,,2025-05-31,,CLE,LAA,1,,L,-1.5,8,4.5,4700,3.0,5.8,7.8,8.5,1.81
Jackson,Chourio,OF,,2025-05-31,,MIL,PHI,1,,R,+1.5,8,3.4,4500,9.2,8.8,8.3,8.4,1.87
Corey,Seager,SS,,2025-05-31,,TEX,STL,2,,L,+1.5,8.5,4,5100,10.8,8.0,7.5,8.4,1.65
Masyn,Winn,SS,,2025-05-31,,STL,TEX,2,,R,-1.5,8.5,4.6,4200,10.8,7.9,8.0,8.4,2.00
Ryan,O'Hearn,1B,,2025-05-31,,BAL,CWS,4,,L,-1.5,8.5,4.7,4400,15.4,12.2,8.6,8.3,1.89
Jackson,Holliday,2B,,2025-05-31,,BAL,CWS,1,,L,-1.5,8.5,4.7,4300,8.0,9.5,7.0,8.3,1.93
Ivan,Herrera,C,,2025-05-31,,STL,TEX,5,,R,-1.5,8.5,4.6,5400,5.2,6.9,10.1,8.3,1.54
Antonio,Senzatela,P,,2025-05-31,,COL,NYM,,YES,R,+1.5,8.5,3,5000,2.2,3.5,3.4,8.3,1.66
Adley,Rutschman,C,,2025-05-31,,BAL,CWS,2,,S,-1.5,8.5,4.7,4200,3.6,5.7,5.7,8.2,1.95
Austin,Riley,3B,,2025-05-31,,ATL,BOS,5,,R,-1.5,9,5.2,4500,10.2,9.2,8.1,8.1,1.80
Yandy,Diaz,1B,,2025-05-31,,TB,HOU,2,,R,+1.5,8.5,4,4500,5.0,6.3,6.9,8.1,1.80
Bryson,Stott,2B,,2025-05-31,,PHI,MIL,1,,L,-1.5,8,4.6,4300,5.4,7.9,7.9,8.1,1.88
Wilyer,Abreu,OF,,2025-05-31,,BOS,ATL,3,,L,+1.5,9,3.8,4500,4.4,5.1,7.8,8.0,1.78
Luis,Robert Jr.,OF,,2025-05-31,,CWS,BAL,4,,R,+1.5,8.5,3.8,4000,8.6,6.8,7.8,8.0,2.00
Zach,Neto,SS,,2025-05-31,,LAA,CLE,1,,R,+1.5,8,3.5,5600,4.6,8.0,9.6,8.0,1.43
Junior,Caminero,3B,,2025-05-31,,TB,HOU,4,,R,+1.5,8.5,4,4300,12.6,11.5,7.6,8.0,1.86
Mike,Yastrzemski,OF,,2025-05-31,,SF,MIA,6,,L,-1.5,7.5,4,4100,3.8,3.1,6.8,8.0,1.95
Heliot,Ramos,OF,,2025-05-31,,SF,MIA,1,,R,-1.5,7.5,4,4200,7.8,9.0,8.5,8.0,1.90
William,Contreras,C,,2025-05-31,,MIL,PHI,2,,R,+1.5,8,3.4,4800,4.6,8.0,7.4,8.0,1.67
Willson,Contreras,1B,,2025-05-31,,STL,TEX,4,,R,-1.5,8.5,4.6,4100,3.4,4.5,6.9,8.0,1.95
Lars,Nootbaar,OF,,2025-05-31,,STL,TEX,1,,L,-1.5,8.5,4.6,4900,8.6,6.9,8.4,8.0,1.63
Drake,Baldwin,C,,2025-05-31,,ATL,BOS,2,,L,-1.5,9,5.2,4300,3.0,8.3,6.2,7.9,1.84
Isaac,Paredes,3B,,2025-05-31,,HOU,TB,2,,R,-1.5,8.5,4.5,4700,3.8,9.5,8.0,7.9,1.68
Nolan,Arenado,3B,,2025-05-31,,STL,TEX,6,,R,-1.5,8.5,4.6,4000,6.0,7.1,6.9,7.9,1.98
Gleyber,Torres,2B,,2025-05-31,,DET,KC,2,,R,-1.5,8,4.6,4600,7.6,6.5,8.2,7.8,1.70
Ozzie,Albies,2B,,2025-05-31,,ATL,BOS,6,,S,-1.5,9,5.2,4000,10.0,8.5,6.9,7.7,1.93
Matt,Chapman,3B,,2025-05-31,,SF,MIA,4,,R,-1.5,7.5,4,4400,9.6,7.4,7.8,7.7,1.75
Jung Hoo,Lee,OF,,2025-05-31,,SF,MIA,2,,L,-1.5,7.5,4,4600,4.2,5.7,7.9,7.7,1.67
Andrew,Benintendi,OF,,2025-05-31,,CWS,BAL,3,,L,+1.5,8.5,3.8,3300,10.2,8.7,7.4,7.6,2.30
Kyle,Manzardo,1B,,2025-05-31,,CLE,LAA,4,,L,-1.5,8,4.5,4200,4.8,3.6,7.0,7.6,1.81
Christian,Walker,1B,,2025-05-31,,HOU,TB,4,,R,-1.5,8.5,4.5,4100,11.0,6.3,6.1,7.6,1.85
Yainer,Diaz,C,,2025-05-31,,HOU,TB,5,,R,-1.5,8.5,4.5,3500,9.6,7.9,6.2,7.6,2.17
Brendan,Donovan,2B,,2025-05-31,,STL,TEX,3,,L,-1.5,8.5,4.6,5000,10.0,8.9,8.2,7.6,1.52
Michael,Harris II,OF,,2025-05-31,,ATL,BOS,8,,L,-1.5,9,5.2,3600,3.8,5.2,6.3,7.5,2.08
Mike,Tauchman,OF,,2025-05-31,,CWS,BAL,1,,L,+1.5,8.5,3.8,3100,8.2,8.6,8.6,7.5,2.42
Brandon,Lowe,2B,,2025-05-31,,TB,HOU,3,,L,+1.5,8.5,4,4700,13.4,11.6,7.6,7.5,1.60
Wyatt,Langford,OF,,2025-05-31,,TEX,STL,3,,R,+1.5,8.5,4,5200,8.4,7.1,8.7,7.5,1.44
Ramon,Urias,3B,,2025-05-31,,BAL,CWS,5,,R,-1.5,8.5,4.7,3200,5.8,5.9,5.7,7.4,2.31
Jake,Mangum,OF,,2025-05-31,,TB,HOU,5,,S,+1.5,8.5,4,4300,5.4,6.7,7.1,7.4,1.72
Spencer,Torkelson,1B,,2025-05-31,,DET,KC,5,,R,-1.5,8,4.6,4500,6.6,7.2,8.9,7.4,1.64
Tyler,Fitzgerald,2B,,2025-05-31,,SF,MIA,7,,R,-1.5,7.5,4,3600,5.8,4.5,6.4,7.4,2.06
Agustin,Ramirez,C,,2025-05-31,,MIA,SF,1,,R,+1.5,7.5,3.5,4300,9.4,7.6,8.2,7.4,1.72
Mike,Trout,OF,,2025-05-31,,LAA,CLE,6,,R,+1.5,8,3.5,5000,1.8,4.6,7.7,7.3,1.46
Wenceel,Perez,OF,,2025-05-31,,DET,KC,6,,S,-1.5,8,4.6,2600,7.8,5.8,10.3,7.3,2.81
Christian,Yelich,OF,,2025-05-31,,MIL,PHI,3,,L,+1.5,8,3.4,4400,18.0,14.3,8.7,7.3,1.66
Alec,Bohm,3B,,2025-05-31,,PHI,MIL,4,,R,-1.5,8,4.6,3700,4.6,6.7,6.2,7.3,1.97
Carlos,Santana,1B,,2025-05-31,,CLE,LAA,5,,S,-1.5,8,4.5,3600,9.2,9.9,7.1,7.2,2.00
Angel,Martinez,2B,,2025-05-31,,CLE,LAA,2,,S,-1.5,8,4.5,3100,6.2,7.2,6.2,7.2,2.32
Nolan,Schanuel,1B,,2025-05-31,,LAA,CLE,2,,L,+1.5,8,3.5,3500,3.2,4.7,6.4,7.2,2.06
Willy,Adames,SS,,2025-05-31,,SF,MIA,5,,R,-1.5,7.5,4,3900,3.6,4.1,6.5,7.2,1.85
Jeff,McNeil,2B,,2025-05-31,,NYM,COL,8,,L,-1.5,8.5,5.5,3300,4.4,5.8,5.7,7.1,2.15
Brett,Baty,2B,,2025-05-31,,NYM,COL,5,,L,-1.5,8.5,5.5,3100,3.8,7.4,6.0,7.1,2.29
Miguel,Vargas,1B,,2025-05-31,,CWS,BAL,2,,R,+1.5,8.5,3.8,3400,13.0,9.8,7.3,7.0,2.06
Taylor,Ward,OF,,2025-05-31,,LAA,CLE,4,,R,+1.5,8,3.5,4200,3.8,11.6,8.2,7.0,1.67
Yoan,Moncada,3B,DTD,2025-05-31,,LAA,CLE,3,,S,+1.5,8,3.5,4000,5.2,7.0,7.5,7.0,1.75
Colt,Keith,1B,,2025-05-31,,DET,KC,3,,L,-1.5,8,4.6,2800,9.0,6.6,5.6,7.0,2.50
Max,Kepler,OF,,2025-05-31,,PHI,MIL,6,,L,-1.5,8,4.6,3500,6.2,6.0,6.0,6.9,1.97
Wilmer,Flores,1B,,2025-05-31,,SF,MIA,3,,R,-1.5,7.5,4,4500,6.4,5.0,7.5,6.8,1.51
Francisco,Alvarez,C,,2025-05-31,,NYM,COL,9,,R,-1.5,8.5,5.5,3000,2.4,3.0,5.1,6.8,2.27
J.T.,Realmuto,C,,2025-05-31,,PHI,MIL,7,,R,-1.5,8,4.6,3800,2.4,5.0,6.6,6.8,1.79
Rhys,Hoskins,1B,,2025-05-31,,MIL,PHI,4,,R,+1.5,8,3.4,4000,2.2,5.8,6.7,6.8,1.70
Brandon,Marsh,OF,,2025-05-31,,PHI,MIL,8,,L,-1.5,8,4.6,3000,6.4,5.5,4.5,6.8,2.27
Brice,Turang,2B,,2025-05-31,,MIL,PHI,9,,L,+1.5,8,3.4,4600,7.4,6.7,8.2,6.7,1.46
Alec,Burleson,1B,,2025-05-31,,STL,TEX,7,,L,-1.5,8.5,4.6,3800,4.0,5.2,5.7,6.7,1.76
Heston,Kjerstad,OF,,2025-05-31,,BAL,CWS,7,,L,-1.5,8.5,4.7,2400,2.6,3.5,4.5,6.6,2.75
Jake,Meyers,OF,,2025-05-31,,HOU,TB,8,,R,-1.5,8.5,4.5,3700,4.2,4.8,6.9,6.6,1.78
Jared,Young,1B,,2025-05-31,,NYM,COL,6,,L,-1.5,8.5,5.5,2200,5.0,5.1,5.0,6.6,3.00
Josh,Smith,SS,,2025-05-31,,TEX,STL,1,,L,+1.5,8.5,4,4300,5.2,3.6,6.4,6.6,1.53
Josh,Jung,3B,,2025-05-31,,TEX,STL,4,,R,+1.5,8.5,4,4100,7.2,6.2,7.1,6.6,1.61
Jorge,Soler,OF,,2025-05-31,,LAA,CLE,5,,R,+1.5,8,3.5,3400,7.2,8.2,6.5,6.5,1.91
Danny,Jansen,C,,2025-05-31,,TB,HOU,8,,R,+1.5,8.5,4,2500,5.2,6.1,4.9,6.5,2.60
Christopher,Morel,OF,,2025-05-31,,TB,HOU,9,,R,+1.5,8.5,4,3500,3.2,3.2,5.2,6.5,1.86
Dane,Myers,OF,,2025-05-31,,MIA,SF,6,,R,+1.5,7.5,3.5,3300,4.2,9.3,7.4,6.5,1.97
Otto,Lopez,2B,,2025-05-31,,MIA,SF,3,,R,+1.5,7.5,3.5,4200,9.2,8.7,7.0,6.5,1.55
Jake,Burger,1B,,2025-05-31,,TEX,STL,6,,R,+1.5,8.5,4,3900,5.6,7.1,5.7,6.5,1.67
Pedro,Pages,C,,2025-05-31,,STL,TEX,8,,R,-1.5,8.5,4.6,2900,3.6,4.2,5.6,6.5,2.24
Alex,Verdugo,OF,,2025-05-31,,ATL,BOS,7,,L,-1.5,9,5.2,3700,4.4,5.9,6.1,6.4,1.73
Abraham,Toro,1B,,2025-05-31,,BOS,ATL,6,,S,+1.5,9,3.8,2700,5.6,7.8,6.1,6.4,2.37
Coby,Mayo,1B,,2025-05-31,,BAL,CWS,6,,R,-1.5,8.5,4.7,2300,2.0,1.3,1.3,6.4,2.78
Daniel,Schneemann,2B,,2025-05-31,,CLE,LAA,6,,L,-1.5,8,4.5,3500,6.8,6.2,6.0,6.4,1.83
Dillon,Dingler,C,,2025-05-31,,DET,KC,7,,R,-1.5,8,4.6,3800,7.4,7.4,6.8,6.4,1.68
Eric,Wagaman,1B,,2025-05-31,,MIA,SF,4,,R,+1.5,7.5,3.5,3700,5.6,6.7,6.2,6.4,1.73
Connor,Norby,3B,,2025-05-31,,MIA,SF,5,,R,+1.5,7.5,3.5,3800,5.6,7.9,7.4,6.4,1.68
Victor,Scott II,OF,,2025-05-31,,STL,TEX,9,,L,-1.5,8.5,4.6,3700,5.6,6.7,7.3,6.4,1.73
Travis,d'Arnaud,C,,2025-05-31,,LAA,CLE,7,,R,+1.5,8,3.5,2400,3.8,4.3,3.9,6.3,2.63
Nolan,Jones,OF,,2025-05-31,,CLE,LAA,9,,L,-1.5,8,4.5,2200,5.0,3.8,3.9,6.3,2.86
Bo,Naylor,C,,2025-05-31,,CLE,LAA,7,,L,-1.5,8,4.5,3200,6.6,6.0,5.8,6.3,1.97
Victor,Caratini,C,,2025-05-31,,HOU,TB,6,,S,-1.5,8.5,4.5,2800,3.8,5.4,5.4,6.3,2.25
Dairon,Blanco,OF,,2025-05-31,,KC,DET,9,,R,+1.5,8,3.4,2600,2.8,4.8,3.5,6.3,2.42
LaMonte,Wade Jr.,1B,,2025-05-31,,SF,MIA,8,,L,-1.5,7.5,4,2100,4.2,4.3,4.3,6.3,3.00
Tyrone,Taylor,OF,,2025-05-31,,NYM,COL,7,,R,-1.5,8.5,5.5,2400,2.2,4.0,5.0,6.3,2.63
Gabriel,Arias,SS,,2025-05-31,,CLE,LAA,8,,R,-1.5,8,4.5,3000,5.2,4.0,6.1,6.2,2.07
Mauricio,Dubon,2B,,2025-05-31,,HOU,TB,3,,R,-1.5,8.5,4.5,2300,4.4,5.9,5.1,6.2,2.70
Maikel,Garcia,3B,,2025-05-31,,KC,DET,4,,R,+1.5,8,3.4,4300,9.4,8.5,8.3,6.2,1.44
Carlos,Narvaez,C,,2025-05-31,,BOS,ATL,4,,R,+1.5,9,3.8,3600,5.0,8.0,6.8,6.1,1.69
Marcelo,Mayer,3B,,2025-05-31,,BOS,ATL,5,,L,+1.5,9,3.8,3000,4.6,3.8,3.8,6.1,2.03
Dylan,Carlson,OF,,2025-05-31,,BAL,CWS,8,,S,-1.5,8.5,4.7,2300,11.0,6.9,5.4,6.1,2.65
Ezequiel,Tovar,SS,,2025-05-31,,COL,NYM,2,,R,+1.5,8.5,3,3400,2.0,4.7,6.7,6.1,1.79
Jordan,Beck,OF,,2025-05-31,,COL,NYM,1,,R,+1.5,8.5,3,3900,5.4,5.7,8.3,6.1,1.56
Trevor,Story,SS,,2025-05-31,,BOS,ATL,7,,R,+1.5,9,3.8,3400,5.2,5.0,6.7,6.0,1.76
Joshua,Palacios,OF,,2025-05-31,,CWS,BAL,5,,L,+1.5,8.5,3.8,2600,5.6,5.2,4.1,6.0,2.31
Curtis,Mead,1B,,2025-05-31,,TB,HOU,6,,R,+1.5,8.5,4,2400,11.2,7.7,3.9,6.0,2.50
Zach,Dezenzo,OF,,2025-05-31,,HOU,TB,9,,R,-1.5,8.5,4.5,2900,5.4,3.9,5.6,6.0,2.07
Jonathan,India,2B,,2025-05-31,,KC,DET,1,,R,+1.5,8,3.4,3300,5.8,4.5,5.7,6.0,1.82
Ryan,McMahon,3B,,2025-05-31,,COL,NYM,4,,L,+1.5,8.5,3,3500,4.4,5.0,6.1,6.0,1.71
Caleb,Durbin,3B,,2025-05-31,,MIL,PHI,7,,R,+1.5,8,3.4,2800,8.6,10.2,6.0,6.0,2.14
Sam,Haggerty,OF,,2025-05-31,,TEX,STL,7,,S,+1.5,8.5,4,3500,8.4,9.1,6.9,6.0,1.71
Ceddanne,Rafaela,OF,,2025-05-31,,BOS,ATL,9,,R,+1.5,9,3.8,2900,7.4,5.0,6.7,5.9,2.03
Jo,Adell,OF,,2025-05-31,,LAA,CLE,8,,R,+1.5,8,3.5,3000,5.6,5.5,5.4,5.9,1.97
Salvador,Perez,C,,2025-05-31,,KC,DET,3,,R,+1.5,8,3.4,3700,6.0,7.0,5.5,5.9,1.59
Trey,Sweeney,SS,,2025-05-31,,DET,KC,8,,L,-1.5,8,4.6,2900,1.2,1.5,5.4,5.9,2.03
Brenton,Doyle,OF,,2025-05-31,,COL,NYM,6,,R,+1.5,8.5,3,3300,7.2,8.4,6.5,5.9,1.79
Daz,Cameron,OF,DTD,2025-05-31,,MIL,PHI,5,,R,+1.5,8,3.4,2000,0.6,1.7,1.6,5.9,2.95
Sal,Frelick,OF,,2025-05-31,,MIL,PHI,6,,L,+1.5,8,3.4,3700,10.0,7.8,6.9,5.9,1.59
Kristian,Campbell,2B,,2025-05-31,,BOS,ATL,8,,R,+1.5,9,3.8,3400,3.2,3.5,6.2,5.8,1.71
Josh,Rojas,3B,,2025-05-31,,CWS,BAL,7,,L,+1.5,8.5,3.8,2100,4.6,3.0,3.5,5.8,2.76
Lenyn,Sosa,1B,,2025-05-31,,CWS,BAL,6,,R,+1.5,8.5,3.8,2700,4.8,6.7,5.3,5.8,2.15
Cam,Smith,OF,,2025-05-31,,HOU,TB,7,,R,-1.5,8.5,4.5,2900,8.2,6.7,6.3,5.8,2.00
Javier,Baez,OF,,2025-05-31,,DET,KC,9,,R,-1.5,8,4.6,4000,1.8,2.7,6.9,5.8,1.45
Edmundo,Sosa,2B,,2025-05-31,,PHI,MIL,9,,R,-1.5,8,4.6,3600,1.4,5.2,5.4,5.8,1.61
Luis,Rengifo,2B,,2025-05-31,,LAA,CLE,9,,S,+1.5,8,3.5,2800,1.8,2.5,4.0,5.7,2.04
Hunter,Goodman,C,,2025-05-31,,COL,NYM,3,,R,+1.5,8.5,3,4000,3.2,3.6,7.3,5.7,1.43
Alejandro,Osuna,OF,,2025-05-31,,TEX,STL,5,,L,+1.5,8.5,4,2700,3.4,3.4,3.4,5.7,2.11
Marcus,Semien,2B,,2025-05-31,,TEX,STL,8,,R,+1.5,8.5,4,3200,8.4,6.2,5.0,5.6,1.75
Jorge,Mateo,2B,,2025-05-31,,BAL,CWS,9,,R,-1.5,8.5,4.7,2500,9.4,7.4,5.0,5.5,2.20
Joey,Ortiz,SS,,2025-05-31,,MIL,PHI,8,,R,+1.5,8,3.4,2300,2.6,4.5,4.0,5.5,2.39
Vinnie,Pasquantino,1B,,2025-05-31,,KC,DET,7,,L,+1.5,8,3.4,3400,6.4,8.6,6.7,5.4,1.59
Sam,Huff,C,,2025-05-31,,SF,MIA,9,,R,-1.5,7.5,4,2300,5.8,4.1,4.0,5.4,2.35
Kyle,Farmer,1B,,2025-05-31,,COL,NYM,8,,R,+1.5,8.5,3,2700,3.2,5.3,4.6,5.4,2.00
Mickey,Moniak,OF,,2025-05-31,,COL,NYM,9,,L,+1.5,8.5,3,2900,7.6,4.5,5.0,5.4,1.86
Luke,Williams,2B,,2025-05-31,,ATL,BOS,9,,R,-1.5,9,5.2,2000,4.4,4.4,3.0,5.3,2.65
Mark,Canha,OF,,2025-05-31,,KC,DET,5,,R,+1.5,8,3.4,2500,2.6,3.2,3.4,5.1,2.04
Kyle,Higashioka,C,,2025-05-31,,TEX,STL,9,,R,+1.5,8.5,4,2800,5.6,3.5,4.4,5.1,1.82
Korey,Lee,C,,2025-05-31,,CWS,BAL,8,,R,+1.5,8.5,3.8,2200,6.2,5.0,4.8,5.0,2.27
Josh,Lowe,OF,,2025-05-31,,TB,HOU,7,,L,+1.5,8.5,4,5000,9.2,7.4,7.9,5.0,1.00
Javier,Sanoja,2B,,2025-05-31,,MIA,SF,8,,R,+1.5,7.5,3.5,2800,6.0,5.1,4.8,5.0,1.79
Thairo,Estrada,2B,,2025-05-31,,COL,NYM,5,,R,+1.5,8.5,3,2000,2.4,4.7,4.0,5.0,2.50
Vinny,Capra,3B,,2025-05-31,,CWS,BAL,9,,R,+1.5,8.5,3.8,2000,1.6,1.4,1.9,4.8,2.40
Nick,Fortes,C,,2025-05-31,,MIA,SF,7,,R,+1.5,7.5,3.5,2400,0.8,2.4,3.1,4.8,2.00
Freddy,Fermin,C,,2025-05-31,,KC,DET,8,,R,+1.5,8,3.4,2100,5.2,4.1,4.2,4.7,2.24
Nick,Loftin,3B,,2025-05-31,,KC,DET,6,,R,+1.5,8,3.4,2900,4.2,3.2,6.3,4.5,1.55
Jonathan,Aranda,1B,,2025-05-31,,TB,HOU,,,L,+1.5,8.5,4,4800,14.8,9.7,7.8,4.4,0.92
Andruw,Monasterio,2B,,2025-05-31,,MIL,PHI,,,R,+1.5,8,3.4,2100,3.2,2.9,3.1,2.9,1.38
Jurickson,Profar,OF,O,2025-05-31,,ATL,BOS,,,S,-1.5,9,5.2,3700,3.0,4.0,3.8,0.0,0.00
